datetime;temp;rh;pressure;ws;wd;ch;solrad;status
01/01/2018;27.71;79.72;1001.57;0.73;191.48;0;234.42;suspect
02/01/2018;26.37;86.2;1001.24;0.97;141.79;12.57;193.79;good
03/01/2018;27.3;83.98;1002.57;0.85;220.5;0;212.21;suspect
04/01/2018;25.86;91.85;1001.78;0.57;153.2;15.5;104.83;suspect
05/01/2018;25.81;91.28;1002.29;0.74;173.85;11.66;152.48;suspect
06/01/2018;26.37;86.62;1003.26;0.61;86.34;0;170.56;suspect
07/01/2018;26.71;87.93;1003.75;0.29;91.81;0.23;122.41;suspect
08/01/2018;28.42;82.33;1004.48;0.78;191.97;0;204.81;suspect
09/01/2018;27.53;82.4;1005.33;1.09;184.16;0;233.51;suspect
10/01/2018;26.49;83.98;1004.79;1.24;183.17;15.95;232.54;suspect
11/01/2018;27.12;77.01;1003.9;0.96;252.79;0;184.2;suspect
12/01/2018;27.77;78.72;1003.42;1.64;271.05;0;244.23;good
13/01/2018;26.56;81.78;1003.27;1.59;287.32;0;126.23;suspect
14/01/2018;26.2;84.16;1003.65;1.45;245.41;0;146.88;suspect
15/01/2018;26.43;83.73;1002.41;1.27;252.79;0;145.52;suspect
16/01/2018;26.83;75.9;1002.36;1.77;234.95;0;226.18;good
17/01/2018;27.04;80.86;1002.17;1.04;234.01;0;181.72;suspect
18/01/2018;26.02;87.19;995.82;1.09;212.61;0.22;160.85;suspect
19/01/2018;27.09;82.3;1002.25;0.8;197.18;0;159.56;suspect
20/01/2018;27.17;82;1001.41;0.82;178.99;0;147.28;suspect
21/01/2018;26.75;85.32;999.77;1.03;195.74;6.1;179.06;suspect
22/01/2018;26.39;84.2;1000.61;1.43;236.33;0;149.44;suspect
23/01/2018;26.65;82.61;993.81;1.1;221.58;0;194.36;suspect
24/01/2018;27.95;82.27;1000.57;1.31;195.34;0;210.14;suspect
25/01/2018;27.76;76.5;1000.15;1.4;217.1;0;215.13;good
26/01/2018;27.36;79.05;1000.41;1.49;236.73;0;222.96;good
27/01/2018;27.08;76.29;993.92;1.62;266.34;0;190.71;suspect
28/01/2018;26.37;79.56;1001.51;2.1;253.03;0;97.73;suspect
29/01/2018;27.55;78.64;1002.57;1.16;209.05;0;169.16;suspect
30/01/2018;27.3;82.59;1002.82;1.59;239.23;0.16;216.62;good
31/01/2018;27.23;83.75;995.75;1.25;231.21;1.23;160.73;suspect
01/02/2018;26.94;83.59;1003.9;1.52;244.63;0;215.24;suspect
02/02/2018;27.41;83.58;1003.61;1.26;212.93;0.49;230.55;suspect
03/02/2018;25.42;93.72;1004.95;0.58;198.91;11.19;80.86;suspect
04/02/2018;25.69;92.18;1005.65;1.04;229.38;2.91;124.04;suspect
05/02/2018;24.18;95.92;1006.97;0.64;145.89;10.76;51.41;suspect
06/02/2018;25.35;88.37;1005.24;1.11;223.33;1.21;130.51;suspect
07/02/2018;24.47;87.07;969.97;0.81;146.91;0.31;115.45;suspect
08/02/2018;25.97;88.84;1004.9;1.14;167.09;0;168.18;suspect
09/02/2018;26.26;90.23;1003.61;0.77;145.4;14.52;196.1;suspect
10/02/2018;26.13;88.86;1004.56;1.1;152.99;6.57;217.44;suspect
11/02/2018;27.12;86.58;1005.71;1.33;245.37;0.09;172.37;suspect
12/02/2018;25.67;91.59;1006.98;0.95;207.16;5.32;101.39;suspect
13/02/2018;26.83;86.17;1007.39;1.3;180.64;0;173.23;good
14/02/2018;25.92;89.69;1006.29;1.04;147.63;5.27;139.22;suspect
15/02/2018;25.29;91.45;1006.68;1.11;199.09;0.34;126.77;good
16/02/2018;26.74;84.04;1004.58;1.38;187.84;0;256.74;suspect
17/02/2018;27.44;81.7;997.23;0.95;200.42;0;229.67;suspect
18/02/2018;26.81;83.56;1004.39;1.04;245.37;12.31;201.36;suspect
19/02/2018;25.47;92.73;1004.1;0.65;139;21.35;183.66;suspect
20/02/2018;25.57;90.92;1004.46;0.75;140.9;47.16;191.75;suspect
21/02/2018;25.83;88.16;1002.07;0.75;134.33;14.67;210.14;suspect
22/02/2018;26.55;86.51;1002.71;1.12;186.65;22.78;236.92;suspect
23/02/2018;26.26;88.47;1004;0.71;138.18;0.8;198.48;suspect
24/02/2018;26;88.05;998.35;0.76;151.72;2.9;188.3;suspect
25/02/2018;27.76;78.55;1002.65;3.18;231.68;6.09;285.32;suspect
26/02/2018;26.3;85.76;1002.67;1.32;191.33;1.97;123.71;suspect
27/02/2018;26.12;87.68;996.58;0.59;141.61;0.31;176.73;suspect
28/02/2018;26.38;88.35;1002.99;0.95;237.16;4.19;148.03;suspect
01/03/2018;26.09;87.54;1003.54;0.84;195;7.83;195.63;suspect
02/03/2018;27.57;81.27;1002.87;0.79;166.48;0;256.93;suspect
03/03/2018;26.75;88.96;1002.92;0.48;128.63;0.49;124.37;suspect
04/03/2018;28.22;80.58;1003.56;0.92;227.74;0;247.3;suspect
05/03/2018;27.2;84.28;1004.35;0.63;158.47;0.4;178.85;suspect
06/03/2018;26.05;90.55;1002.76;0.64;127.73;21.47;128.39;suspect
07/03/2018;26.49;86.36;1003.76;0.61;131.74;0.79;190.54;suspect
08/03/2018;26.2;86.66;1003.08;0.84;186.25;9.76;190.8;suspect
09/03/2018;26.93;86.68;1002.4;0.66;185.96;12.34;197.62;suspect
10/03/2018;27.06;86.43;1003.33;1.35;208.58;10.01;240.6;suspect
11/03/2018;26.08;90.94;1003.59;0.88;189.46;20.45;155.36;suspect
12/03/2018;25.41;90.59;996.63;0.82;188.36;8.81;144.5;suspect
13/03/2018;26;87.23;1005.45;0.43;143.97;0;138.44;suspect
14/03/2018;26.49;84.72;1004.18;0.79;188.75;23.17;234.74;suspect
15/03/2018;26.88;84.43;993.81;0.79;150.65;4.5;237.28;suspect
16/03/2018;27.07;87.15;1004.08;0.7;169.24;10.17;211.36;suspect
17/03/2018;24.43;94.66;1004.49;0.56;110.38;12.03;94.75;suspect
18/03/2018;26.92;80.12;998.39;0.73;186.43;0;232.17;suspect
19/03/2018;26.94;84.84;1004.23;1;205.63;0;215.26;suspect
20/03/2018;28.23;78.9;1002.46;1.13;190.7;20.35;307.77;suspect
21/03/2018;28.71;77.44;1001.45;1.38;293.62;1.78;320.88;suspect
22/03/2018;26.22;82.24;995.2;1.4;212.65;0.49;223.86;suspect
23/03/2018;27.01;84.06;1002.61;0.66;174.02;24.83;231.24;suspect
24/03/2018;24.39;90.95;972.51;0.58;124.11;19.79;112.45;suspect
25/03/2018;25.55;86.05;1005.3;0.84;176.44;18.23;137.35;suspect
26/03/2018;25.91;87.56;1004.94;0.71;213.27;1.42;192.56;suspect
27/03/2018;26.33;86.6;1004.88;0.76;195.15;13.19;177.47;good
28/03/2018;27.49;80.3;1004.42;0.99;169.3;5.19;236.41;good
29/03/2018;28.3;75.88;1003.69;0.82;173.81;0;231.84;suspect
30/03/2018;27.79;80.79;1003.2;0.86;165.06;4.14;237.01;good
31/03/2018;27.14;85.49;1002.35;0.68;211.84;9.12;203.69;suspect
01/04/2018;27.34;83.7;1003.54;0.6;191.26;0;175.38;suspect
02/04/2018;26.25;85.46;1004.08;0.89;194.09;1.6;152.16;suspect
03/04/2018;25.82;86.59;996.68;0.73;156.69;16.3;184.39;suspect
04/04/2018;28.2;78.16;989.44;0.84;152.79;0;246.42;suspect
05/04/2018;26.91;87.05;1000.2;0.91;157.41;4.73;168.66;suspect
06/04/2018;27.7;80.1;1003.62;0.82;158.99;0.45;184.58;suspect
07/04/2018;27.65;80.7;1003.87;1.09;147.67;2.4;203.6;good
08/04/2018;26.87;85.18;1004.91;1.27;91.46;0.67;190.26;suspect
09/04/2018;27.63;78.97;1005.59;0.75;112.26;0;216.88;suspect
10/04/2018;28.32;71.1;997.48;1.24;103.56;0;234.04;suspect
11/04/2018;28.63;75.84;1003.54;0.98;96.71;0;210.09;suspect
12/04/2018;27.75;85.21;1004.2;0.83;163.28;0;142.4;suspect
13/04/2018;29.36;78.42;1003.24;0.84;115.34;0;226.6;suspect
14/04/2018;28.78;79.64;1002.65;0.82;118;0;198.89;suspect
15/04/2018;28.87;72.69;1003.03;0.86;141.57;0;214.95;good
16/04/2018;28.69;76.6;1004.68;0.79;154.18;0;206.23;suspect
17/04/2018;27.53;80.53;1005.01;0.85;175.18;0;182.54;good
18/04/2018;27.03;85.05;1003.65;0.82;179.28;3.4;196.1;suspect
19/04/2018;27.07;86.29;1003.07;0.93;141.83;22.91;192.51;suspect
20/04/2018;26.92;85.24;1004.2;0.52;120.65;0;184.52;suspect
21/04/2018;27.05;84;996.64;0.7;135.38;0.23;192.29;suspect
22/04/2018;28.17;82.17;1002.89;0.82;153.63;8.51;224.07;suspect
23/04/2018;26.77;88.39;1003.74;0.62;143.77;0.96;111.16;suspect
24/04/2018;26.56;88.18;997.01;0.34;126.99;0.81;91.1;suspect
25/04/2018;25.54;88.02;994.91;0.92;191.75;27.82;114.14;suspect
26/04/2018;26.2;86.66;990.54;0.93;149.13;1.14;124.48;suspect
27/04/2018;27.65;81.98;1006.26;1.14;125.98;0.47;218.6;suspect
28/04/2018;28.11;77.03;1005.84;1.11;154.56;0;208.71;suspect
29/04/2018;28.02;74.33;1005.14;0.81;124.49;0;228.78;suspect
30/04/2018;28.11;72.33;1005.56;0.77;146.7;0;219.39;suspect
01/05/2018;27.59;73.19;1006.14;0.85;122;0;227.64;suspect
02/05/2018;27.69;71.81;992.51;0.73;113.35;0;214.72;suspect
03/05/2018;28.19;75.09;1006.41;0.51;90.72;0;194.89;suspect
04/05/2018;28.23;72.56;1006.57;0.8;113.99;0;197.14;good
05/05/2018;27.81;74.08;1007.19;1.02;110.69;0;209.09;suspect
06/05/2018;28.17;69;1006.78;1.59;125.71;0;237.57;good
07/05/2018;28.18;72.13;998.83;0.97;98.09;1.86;233.18;suspect
08/05/2018;27.65;77.83;998.42;1.01;143.22;0;189.45;good
09/05/2018;28.22;72.36;1005.48;0.99;132.73;0;225.05;suspect
10/05/2018;26.57;74.75;998.52;1.11;99.74;0;164.88;suspect
11/05/2018;27.19;69.51;1004.63;1.29;121.05;0;227.2;suspect
12/05/2018;27.81;66.77;990.46;0.86;134.77;0;206.27;suspect
13/05/2018;27.63;69.24;1004.59;0.83;88.07;0;273.53;suspect
14/05/2018;28.49;69.09;1003.26;0.66;102.27;0;207.22;suspect
15/05/2018;28.15;73.07;995.68;0.9;168.03;0;180.07;suspect
16/05/2018;28.32;75.8;1002.31;1.05;130.36;0;152.81;suspect
17/05/2018;27.6;78.02;1002.37;0.74;126.95;0;137.24;suspect
18/05/2018;28.12;74.47;1001.67;1.14;141.07;0;207.21;suspect
19/05/2018;27.13;79.75;995.06;0.75;139.99;0.02;164.47;suspect
20/05/2018;27.09;82.66;995.92;0.6;133.93;0.21;139.83;suspect
21/05/2018;28.34;75.24;1003.2;0.96;104.83;0.25;206.64;suspect
22/05/2018;28.45;76.92;1002.57;2.04;128.56;4.14;234.21;suspect
23/05/2018;27.87;79.9;996.53;1.76;113.46;9.54;189.14;suspect
24/05/2018;26.32;86.6;1002.88;0.52;61.06;3.07;70.97;suspect
25/05/2018;26.2;89.57;1003.26;0.5;132.49;45.09;123.22;suspect
26/05/2018;27.85;75.89;1003.45;0.8;178.11;0.42;154.26;suspect
27/05/2018;28.34;67.38;1003.96;1.18;189.02;0;147.13;suspect
28/05/2018;27.7;69.48;1004.25;0.69;205.29;0;185.21;suspect
29/05/2018;27.9;69.2;1003.84;0.59;205.65;0;192.37;suspect
30/05/2018;28.01;74.82;1004.4;0.46;183.67;0;197.9;suspect
31/05/2018;27.45;74.01;1004.57;0.63;207.1;0;145.18;good
01/06/2018;27.35;73.91;1004.73;0.86;204.21;0;174.71;good
02/06/2018;26.98;79.81;997.76;0.56;70.26;0;174.81;suspect
03/06/2018;27.53;77.77;1004.12;0.65;90.45;0;187.53;suspect
04/06/2018;27.9;78.54;1004.2;0.72;134.97;0;194.54;good
05/06/2018;27.79;78.83;1004.96;0.75;129.88;0;184.19;suspect
06/06/2018;27.91;77.24;1005.31;0.61;105.62;0;191.82;suspect
07/06/2018;28.14;74.62;1004.92;0.69;209.55;0;224.95;good
08/06/2018;27.53;75.67;1004.84;0.46;132.93;0;138.67;suspect
09/06/2018;28.44;74.95;1005.44;0.61;115.61;0;178.36;suspect
10/06/2018;27.88;72.28;1006.65;0.7;141.18;0;179.82;suspect
11/06/2018;28.39;71.48;1006.36;0.63;192.88;0;189.74;suspect
12/06/2018;28.26;72.9;1005.44;0.72;149.53;0;164.01;suspect
13/06/2018;28.41;68.77;1004.79;0.92;127.75;0;196.67;suspect
14/06/2018;28.57;60.83;1004.98;1.16;169.1;0;180.56;good
15/06/2018;27.92;59.67;995.07;1.5;171.09;0;186.92;suspect
16/06/2018;26.95;73.15;1005.25;1.08;119.68;0;169.73;suspect
17/06/2018;27.59;70.08;1004.82;0.9;107.62;0;190.17;suspect
18/06/2018;27.19;66.05;1005.29;1.45;106.74;0;209.28;good
19/06/2018;27.88;67.24;1005.94;0.94;185.32;0;144.31;suspect
20/06/2018;28.12;73.61;1006.16;0.72;113.93;0;156.14;suspect
21/06/2018;27.95;73.13;1005.75;0.73;110.2;0;189.97;good
22/06/2018;27.22;75.27;1005.37;0.58;153.66;0;139.21;suspect
23/06/2018;26.81;77.08;1004.76;0.78;132.8;0;158.05;suspect
24/06/2018;27.95;70.96;1004.69;0.57;164.93;0;154.39;suspect
25/06/2018;23.25;94.91;1005.73;0.6;145.55;13.26;35.41;suspect
26/06/2018;24.4;85.59;999.11;0.59;161.03;13.98;118.28;suspect
27/06/2018;27.77;61.94;1004.98;1.83;176.38;0.14;178.23;suspect
28/06/2018;27.64;64.11;1004.89;1.63;199.61;0;155.78;suspect
29/06/2018;27.7;59.91;1004.29;1.83;184.5;0;179.68;suspect
30/06/2018;27.59;58.61;1004.56;1.43;191.35;0;187.05;suspect
01/07/2018;26.36;71.6;1005.58;0.66;67.53;0;190.96;suspect
02/07/2018;25.97;72.92;995.27;0.61;111.83;0;165.74;suspect
03/07/2018;27.71;57.08;1005.3;1.8;180.79;0;180.03;suspect
04/07/2018;28.24;54.4;1005.32;2.29;170.64;0;168.71;good
05/07/2018;29.69;48.41;1005.81;6.44;160.85;0;701.88;good
06/07/2018;30.35;47.96;1004.69;6.14;165.14;0;722.24;suspect
07/07/2018;30.76;48.08;1003.62;5.41;172.05;0;692.03;suspect
08/07/2018;31.17;48.2;1002.56;4.68;178.96;0;661.83;suspect
09/07/2018;28.12;55.96;1003.17;3.05;182.27;0;239.49;suspect
10/07/2018;27.56;51.72;1005.21;3.35;184.41;0;169.21;suspect
11/07/2018;26.91;51.32;1005.32;2.45;186.83;0;190.64;suspect
12/07/2018;26.86;57.05;1004.74;1.06;146.33;0;198.23;suspect
13/07/2018;27.27;54.52;1004.39;1.73;173.06;0;188.36;good
14/07/2018;27.34;52.33;1004.39;3.05;162.12;0;215.12;good
15/07/2018;27.18;51.57;1004.76;2.94;171.33;0;203.6;suspect
16/07/2018;26.76;53.51;1003.83;1.76;173.21;0;200.33;suspect
17/07/2018;26.79;61.65;1003.93;0.93;136.44;0;178.19;suspect
18/07/2018;27.3;64.73;1004.36;0.89;117.3;0;191.52;suspect
19/07/2018;26.78;68.46;1004.75;0.69;133.48;0;121.01;suspect
20/07/2018;27.51;68.69;1005.4;0.89;112.57;0;188.77;suspect
21/07/2018;27.42;69.71;1006.5;0.82;122.67;0;159.65;suspect
22/07/2018;28.61;58.64;1005.88;1.57;165.87;0;176.04;suspect
23/07/2018;28.35;58.04;1004.51;1.73;154.63;0;157.91;suspect
24/07/2018;27.74;67.24;1005.04;1.28;146.08;0;164;suspect
25/07/2018;26.95;67.98;1005.42;0.56;95.23;0;187.28;suspect
26/07/2018;25.78;61.05;1005.66;0.89;116.44;0;210.32;good
27/07/2018;25.66;52.5;1005.43;0.94;130.79;0;209.9;good
28/07/2018;26.66;49.83;997.8;1.97;179.39;0;221.97;suspect
29/07/2018;26.56;63.22;1005.07;0.83;125.35;0;203.36;suspect
30/07/2018;26.81;67.87;1005.3;0.78;89.59;0;205.51;suspect
31/07/2018;27.69;65.61;1005.85;1.15;137.24;0;199.56;suspect
01/08/2018;28.1;56.51;1007.53;2.35;139.4;0;160.67;suspect
02/08/2018;27.01;52.76;1006.99;2.9;154.38;0;223.84;suspect
03/08/2018;25.91;51.07;1005.93;4.14;163.49;0;224.85;suspect
04/08/2018;26.53;50.44;999.23;3.01;178.8;0;225.71;suspect
05/08/2018;26.88;48.97;1006.02;3.87;174.59;0;216.53;suspect
06/08/2018;26.58;51.04;1004.97;2.21;171.42;0;216.62;suspect
07/08/2018;27.22;54.28;1004.32;1.43;161.82;0;165.27;suspect
08/08/2018;26.98;64.05;1004.88;1.17;122.11;0;162.23;suspect
09/08/2018;28.22;63.26;1005.89;1.07;129.45;0;172.83;suspect
10/08/2018;28.89;54.83;1005.84;1.96;141.24;0;144.51;good
11/08/2018;28.07;61.25;1004.27;1.27;138.71;0;58.26;suspect
12/08/2018;28.15;63.6;1005.48;1.02;135.57;0;193.23;suspect
13/08/2018;27.99;64.31;1005.94;1.47;134.12;0;193.35;good
14/08/2018;28.21;53.25;1005.58;2.99;175.04;0;223.29;suspect
15/08/2018;27.93;55.1;1004.84;2.06;174.72;0;202.78;suspect
16/08/2018;27.68;49.5;997.01;2.45;198.28;0;235.78;suspect
17/08/2018;27.25;46.57;997.11;2.27;166.46;0;214.18;suspect
18/08/2018;26.29;54.77;1004.53;1.11;99;0;228.26;suspect
19/08/2018;26.95;58.86;1004.86;1.35;156.17;0;236.11;good
20/08/2018;27.69;61.93;1004.9;1.4;108.8;0;224.33;good
21/08/2018;28.03;65.22;1004.53;1.11;97.78;0;196.95;suspect
22/08/2018;28.55;56.31;1004.43;1.66;149.1;0;196.11;good
23/08/2018;27.73;60.22;1005.62;1.07;156.49;0;167.66;suspect
24/08/2018;27.82;56.58;1004.9;1.13;148.93;0;223.22;suspect
25/08/2018;27.4;53.82;993.92;1.07;115.75;0;221.95;suspect
26/08/2018;27.15;60.92;1004.64;1.05;119.23;0;198.35;suspect
27/08/2018;28.2;63.62;1005.57;1.32;112.04;0;239.06;suspect
28/08/2018;28.68;61.01;1005.47;1.58;118.51;0;177.36;good
29/08/2018;27.79;62.57;1005.87;1.11;122.96;0;179.36;suspect
30/08/2018;28.2;62.6;1005.22;1.23;114.92;0;191.33;suspect
31/08/2018;26.93;66.78;981.64;0.97;91.81;0;178.49;suspect
01/09/2018;28.31;68.93;1006.7;0.94;120.21;0;170.52;suspect
02/09/2018;27.16;75.91;1006.11;1.23;153.01;0.26;180.06;suspect
03/09/2018;28.26;53.07;1005.68;3.43;157.69;0.04;246.45;suspect
04/09/2018;28.11;51.79;1006;2.89;177.11;0;254.19;suspect
05/09/2018;28.47;58.32;1005.39;1.83;174.01;0;169.74;suspect
06/09/2018;29.06;57.47;1004.89;2.01;152;0;219.07;good
07/09/2018;27.79;63.93;998.02;1.3;173.39;0.66;151.58;suspect
08/09/2018;29.13;57.11;1004.62;1.52;127.36;0;250.05;suspect
09/09/2018;29.74;52.72;1006.59;2.3;139.09;0;272.43;suspect
10/09/2018;29.92;51.29;1007.34;2.59;155.69;0;260.05;suspect
11/09/2018;28.63;54.56;989.68;1.83;165.82;0;226.01;suspect
12/09/2018;28.39;50.32;1005.52;3.44;176.23;0;262.05;suspect
13/09/2018;28.06;56.63;1004.64;1.51;161.48;0;197.78;suspect
14/09/2018;27.99;51.47;991.21;2.01;173.12;0;230.02;suspect
15/09/2018;27.72;55.04;1004.36;1.68;143.46;0;193.61;suspect
16/09/2018;28.67;48.77;997.23;2.44;136.7;0;242.83;suspect
17/09/2018;29.33;52.19;1004.15;2.41;135.31;0;224.91;suspect
18/09/2018;29.48;55.69;1004.69;1.63;114.07;0;215.05;suspect
19/09/2018;27.09;70.46;1005.29;0.52;71.19;0;73.35;suspect
20/09/2018;28.97;63.96;1005.33;1.03;70.73;0;223.21;good
21/09/2018;27.25;69.55;1006.73;0.89;185.72;0;161.77;suspect
22/09/2018;29.16;60.27;1006.9;1.29;102.07;0;228.21;good
23/09/2018;28.81;58.73;1006.5;1.53;121.46;0;192.87;good
24/09/2018;29.02;52.97;1005.59;1.64;119.29;0;248.06;suspect
25/09/2018;29.57;53.29;1005.08;1.28;97.68;0;238.63;suspect
26/09/2018;29.31;58.36;1005.07;1.27;127.13;0;213.66;suspect
27/09/2018;28.82;53.9;1004.41;1.45;168.62;0;196.88;suspect
28/09/2018;28.83;50.26;1004.21;1.68;127.2;0;260.61;good
29/09/2018;28.6;57.79;1003.97;1.16;104.21;0;231.75;suspect
30/09/2018;28.79;60.6;1004.07;1.62;111.07;0;239.21;good
01/10/2018;29.25;59.73;1004.38;1.48;104.96;0;247.83;suspect
02/10/2018;29.89;59.7;1004.5;1.35;105.69;0;246.94;suspect
03/10/2018;29.49;57.86;1004.66;1.41;112.63;0;240.92;good
04/10/2018;28.91;56.17;1004.53;1.63;131.97;0;244.31;good
05/10/2018;28.94;56.26;1004.74;1.68;120.55;0;239.28;good
06/10/2018;29.51;56.18;1005.31;1.36;127.86;0;285.98;suspect
07/10/2018;29.51;52.61;990.74;2.29;124.19;0;265.62;suspect
08/10/2018;30.43;48.71;1004;2.62;130.27;0;277.28;suspect
09/10/2018;29.86;47.91;996.79;1.97;149.81;0;231.43;suspect
10/10/2018;30.13;51.56;1003.75;1.72;121.01;0;266.8;suspect
11/10/2018;29.94;52.73;1004.87;1.8;83.89;0;271.07;suspect
12/10/2018;30.09;46.26;998.61;2.15;136.45;0;244.5;suspect
13/10/2018;30.27;50.39;1005.7;1.89;208.48;0;206.37;suspect
14/10/2018;29.54;61.23;1006.43;0.92;112.87;0;200.56;suspect
15/10/2018;29.39;59.28;978.86;1.26;129.36;0;225.31;suspect
16/10/2018;30.14;55.47;1005.47;1.38;156.33;0;200.21;suspect
17/10/2018;29.71;53.78;997.75;1.66;190.53;0;167.7;suspect
18/10/2018;29.73;53.36;998.37;1.97;159.99;0;192.23;suspect
19/10/2018;29.43;56.85;1005.69;1.44;164.03;0;156.3;suspect
20/10/2018;30.04;53.15;1006.13;2.27;167.48;0;220.06;good
21/10/2018;29.97;59.19;1006.07;1.67;110.83;0;256.55;suspect
22/10/2018;29.96;59.92;1005.42;1.49;140.22;0;194.89;suspect
23/10/2018;28.28;66.13;1005.82;0.93;143.39;0;134.22;suspect
24/10/2018;29.62;59.84;1005.59;0.98;173.69;0;158.45;good
25/10/2018;29.72;60.91;1005.92;1.04;152.04;0;190.62;good
26/10/2018;28.4;70.52;1006.06;0.92;175.52;5.4;160.19;suspect
27/10/2018;29.71;62.85;1005.3;1.34;153.1;0.03;166.21;suspect
28/10/2018;29.86;58.2;1004.02;1.15;138.41;0;197.68;suspect
29/10/2018;29.86;60.38;1003.45;1.06;141.16;0;172.1;suspect
30/10/2018;29.61;61.02;996.2;1.01;170.46;0;126.4;suspect
31/10/2018;27.33;69.89;975.8;1.3;201.72;1.95;117.26;suspect
01/11/2018;29.07;66.92;1003.32;1.3;145.75;0.01;151.61;suspect
02/11/2018;29.18;59.83;1004.67;1.49;118.7;0;191.45;suspect
03/11/2018;29.57;61.61;1004.21;1.26;161.19;0;154.23;suspect
04/11/2018;29.58;62.36;1003.36;1.01;190.02;0;92.45;suspect
05/11/2018;28.64;76.1;1002.86;0.88;180.48;6.86;141.74;suspect
06/11/2018;28.33;75.18;1002.58;1.38;189.8;5.65;165.13;good
07/11/2018;26.92;84.99;1003;1.11;198.18;30.77;116.36;suspect
08/11/2018;27.57;81.79;1003.25;0.83;167.3;0.44;142.85;suspect
09/11/2018;26.9;83.31;1003.43;0.82;135.25;3.86;194.36;suspect
10/11/2018;27.44;80.94;1003.91;1.03;110.95;0.45;198.55;good
11/11/2018;27.02;80.02;1004.1;0.9;176.73;1.32;179.17;suspect
12/11/2018;27.6;75.31;1003.33;0.75;202.36;0.5;129.58;suspect
13/11/2018;26.61;81.69;1003.15;0.72;177.58;25.74;128.26;suspect
14/11/2018;29.28;63.12;997.2;1.27;232.05;0.23;245.36;suspect
15/11/2018;29.77;61.79;1004.78;1.32;166.83;0;224.3;suspect
16/11/2018;31.21;55.91;1004.16;1.67;160.51;0;289.95;suspect
17/11/2018;28.73;73.02;997.73;0.98;175.35;15.36;199.93;suspect
18/11/2018;27.92;78.42;1005.85;0.61;107.65;0.17;135.51;suspect
19/11/2018;28.26;73.61;1005.88;0.81;185.31;0;209;good
20/11/2018;28.04;73.8;998.42;1.16;208.98;0;219.67;suspect
21/11/2018;27.27;78.22;1005.09;1.08;150.67;0.44;189.99;suspect
22/11/2018;27.73;73.69;1005.4;1.12;158.28;6.8;202.83;good
23/11/2018;29.36;58.34;1005.42;2.04;203.17;0.07;258.5;suspect
24/11/2018;28.82;68.71;1006.05;1.35;168.29;0.72;243.94;suspect
25/11/2018;27.72;78.06;1005.75;0.69;134.38;0.01;157.78;suspect
26/11/2018;25.82;87.44;1006.25;0.65;155;2.84;108.38;suspect
27/11/2018;26.55;84.38;1006.04;0.77;133.58;2.52;186.03;good
28/11/2018;27.51;75.72;999.19;0.64;180.39;0.01;134.13;suspect
29/11/2018;27.57;78.36;998.92;1.28;199.15;0.17;189.67;good
30/11/2018;29.25;68.27;998.91;1.31;237.66;0;250.38;suspect
01/12/2018;27.25;77.4;996.86;0.86;188.59;0;157.84;suspect
02/12/2018;27.07;80.45;996.38;1;134.11;11.08;215.79;good
03/12/2018;26.31;89.6;1003.98;0.61;166.24;6.85;124.44;suspect
04/12/2018;27.03;80.08;1003.61;0.82;177.45;4.64;174.62;good
05/12/2018;28.58;78.14;1002.87;0.85;82.9;2.48;229.61;suspect
06/12/2018;27.92;78.28;1002.37;0.83;131.43;0.08;214.48;suspect
07/12/2018;28.64;75.97;1002.93;0.81;192.13;0;191.83;suspect
08/12/2018;28.38;78.45;1004.02;0.79;156;0.22;138.78;suspect
09/12/2018;27.89;84.23;1003.56;0.6;122.66;2.26;125.06;suspect
10/12/2018;27.68;82.11;1003.64;0.65;186.19;0.14;191.53;good
11/12/2018;27.75;79.72;1003.75;0.71;105.73;0;138.57;good
12/12/2018;26.91;84.94;997.31;0.79;127.43;17.53;171.72;suspect
13/12/2018;27.39;80.69;1004.54;0.95;136.41;0;203.9;suspect
14/12/2018;26.2;86.99;1005.35;0.83;165.77;14.22;97.99;suspect
15/12/2018;26.23;85.59;1005.51;0.91;183.42;2.53;188.8;good
16/12/2018;27.3;78.7;1005.8;1.3;216.99;0.12;209.78;good
17/12/2018;29.17;67.04;1005.7;0.75;310.08;5.03;470.14;suspect
18/12/2018;27.83;75.41;1005.94;1.25;186.71;55.3;287.07;suspect
19/12/2018;28.42;74.61;1005.66;1.16;204.11;4.68;254.05;suspect
20/12/2018;27.2;82.82;1004.98;0.7;138.55;0.73;140.43;suspect
21/12/2018;28.08;80.17;1004.97;0.76;196.17;0;181.58;good
22/12/2018;27.15;82.29;1004.79;0.77;195.4;0;143.37;good
23/12/2018;26.92;85.76;1004.16;0.99;200.58;9.97;173.82;suspect
24/12/2018;26.64;86.6;1003.74;0.78;186.22;1.57;180.14;suspect
25/12/2018;26.79;79.86;997.25;1.08;187.65;0.37;169.72;suspect
26/12/2018;26.4;84.79;997.29;0.69;182.08;0;112.88;suspect
27/12/2018;26.59;83.72;1003.77;0.91;171.56;8.55;224.46;suspect
28/12/2018;28.25;73.89;995.9;0.79;210.15;0;238.64;suspect
29/12/2018;28.62;70.83;996.2;1.04;222.4;0;251.11;good
30/12/2018;27.97;69.26;990.06;0.93;182.97;0;246.19;suspect
31/12/2018;27.65;76.96;1004.33;0.86;202.65;1.51;177.99;suspect
01/01/2019;26.95;83.37;1005.15;1.08;179.77;0.9;186.89;suspect
02/01/2019;26.13;87.52;1005.2;0.87;161.83;31.61;189.94;suspect
03/01/2019;25.85;89.02;1006.12;0.71;113.06;26.71;209.01;suspect
04/01/2019;27.8;78.02;1006.54;0.66;127.5;0;259.99;suspect
05/01/2019;27.56;82.04;1006.49;0.71;155.36;2.72;236.68;good
06/01/2019;28.78;75.98;1006.24;0.78;161.18;0;267.53;good
07/01/2019;28.15;80.25;1005.88;1.21;229.93;9.49;263.54;good
08/01/2019;26.85;84.93;998.42;0.7;200.69;6.64;194.18;suspect
09/01/2019;26.8;82.8;1005.56;0.91;209.29;0.26;189.55;suspect
10/01/2019;27.87;77.89;991.33;0.95;208.21;0;229.94;suspect
11/01/2019;27.46;82.07;997.77;0.91;248.8;1.48;217.85;suspect
12/01/2019;27.22;85.28;1004.31;0.94;203.54;18.58;194.1;suspect
13/01/2019;25.55;91.64;1004.32;0.55;197.89;10.65;127.35;suspect
14/01/2019;27.2;83.9;1003.79;1.03;237.51;0.49;185.44;suspect
15/01/2019;26.27;88.11;1003.12;0.99;231.61;0;146.47;suspect
16/01/2019;27.42;84.23;1003.01;1.14;224.84;712;175.39;suspect
17/01/2019;27.71;80.35;1000.77;1.42;195.76;5.77;229.1;suspect
18/01/2019;27.83;82.52;1002.43;0.89;200.66;0;181.71;suspect
19/01/2019;27.12;84.12;1003.48;1.17;204.15;0;184.78;suspect
20/01/2019;27.16;85.17;1004.22;1.08;224.17;11.99;166.96;suspect
21/01/2019;26.61;88.55;1004.74;1.22;277.08;1.01;178.6;suspect
22/01/2019;25.04;88.64;1005.89;1.43;263.74;4.32;104.07;suspect
23/01/2019;26.51;84.31;1005.88;0.94;269.13;0.07;109.43;suspect
24/01/2019;27.29;84.55;1005.47;1.55;232.91;1.78;237.82;good
25/01/2019;26.34;85.29;1006.13;1.41;264.39;0.01;155.4;suspect
26/01/2019;27.12;82.5;991.06;1.92;276.43;1.93;209.89;suspect
27/01/2019;25.43;88.24;990.85;1.51;289.85;8.87;101.12;suspect
28/01/2019;26.48;87.58;1005.09;1.29;207.35;0.07;128.85;suspect
29/01/2019;26.31;88.13;1005.7;0.86;205.02;1.39;114.11;suspect
30/01/2019;26.83;86.41;1006.34;0.91;187.54;0.62;181.96;suspect
31/01/2019;26.81;84.92;1006.07;1.09;195.72;1.86;221.98;good
01/02/2019;26.36;87.24;1006.13;0.92;169.76;12.76;210.35;suspect
02/02/2019;26.76;86.73;1006.15;0.95;170.13;14.38;199.1;good
03/02/2019;26.06;90.96;1006.64;0.43;112.69;0.23;112.9;suspect
04/02/2019;25.88;88.85;1006.73;0.69;187.4;11.61;127.42;good
05/02/2019;25.91;86.98;1006.12;0.77;212.65;1.42;161.81;suspect
06/02/2019;25.46;87.7;1005.64;1.1;208.67;46.16;218.18;suspect
07/02/2019;26.32;87.43;1006.08;0.71;157.44;2.54;185.53;suspect
08/02/2019;26.78;85.99;1006.08;0.92;148.32;22.98;230.28;good
09/02/2019;27.67;81.71;1006.22;0.84;169.44;0.51;273.86;suspect
10/02/2019;26.23;88.34;1007.89;0.91;178.24;33.69;195.37;suspect
11/02/2019;26.15;90;1007.47;0.83;92.87;3.08;192.32;suspect
12/02/2019;26.06;87.95;1001.63;0.74;164.08;25.57;169.98;suspect
13/02/2019;26.34;86.68;1000.96;0.52;131.68;0.27;158.53;suspect
14/02/2019;27.78;82.54;1006.84;0.96;173.63;10.8;257.62;suspect
15/02/2019;26.63;89.18;1007.91;0.71;124.9;2.53;187.46;suspect
16/02/2019;26.71;85.31;1007.29;0.74;178.47;10.14;248.64;suspect
17/02/2019;26.73;80.87;1006.96;1.09;196.83;0.27;266.85;good
18/02/2019;26.99;81.84;1007.08;0.84;197.77;0.25;243.72;suspect
19/02/2019;28.23;78.31;1007.38;0.75;103.98;0;259.92;suspect
20/02/2019;27.58;81.61;1000.81;0.63;145.45;0;189.62;suspect
21/02/2019;26.99;83.22;1007.11;0.98;194.53;9.51;224.07;suspect
22/02/2019;26.02;85.68;1006.29;1.05;191.11;26.92;226.67;suspect
23/02/2019;26.24;86.72;1004.82;0.67;176.24;11.38;198.77;suspect
24/02/2019;26.84;84.43;1004.97;0.93;185.09;1;199.54;good
25/02/2019;26.47;86.45;1005.29;0.76;150.99;38.56;206.91;suspect
26/02/2019;28.11;80.95;1003.76;0.94;132.21;1.77;262.55;suspect
27/02/2019;28.72;77.28;1003.24;0.81;144.75;0.03;252.22;suspect
28/02/2019;28.35;79.41;1003.71;0.86;178.41;5.14;224.18;good
01/03/2019;25.66;90.84;1004.61;0.52;153.65;0.6;84.14;suspect
02/03/2019;26.07;87.91;1004.18;1.09;227.87;64.38;194;suspect
03/03/2019;27.36;82.07;986.51;0.63;208.06;0.8;181.2;suspect
04/03/2019;27.36;86.11;1003.7;0.66;138.99;0.79;217.91;suspect
05/03/2019;27.06;85.88;1004.98;0.68;227.51;1.55;119.64;suspect
06/03/2019;24.38;89.08;1006.9;1.33;252.67;25.63;82.88;suspect
07/03/2019;26.18;84.45;1006.35;0.32;152.99;0.3;113.24;suspect
08/03/2019;27.18;81.18;1006.03;0.9;220.22;10.3;231.18;good
09/03/2019;25.94;85.89;999.81;0.72;137.55;6.34;201.47;suspect
10/03/2019;27.18;83.71;1006.01;0.43;179.11;2.21;154.77;suspect
11/03/2019;25.8;89.68;1005.75;0.51;147.95;0.97;128.74;good
12/03/2019;26.95;79.12;1006.85;0.92;200.94;0.5;162;suspect
13/03/2019;28.04;78.53;1007.29;0.76;189.17;0.06;179.45;suspect
14/03/2019;27.09;80.94;1006.89;0.74;175.23;2.31;177.65;suspect
15/03/2019;26.05;87.71;1006.09;0.86;185.16;3.16;163.57;suspect
16/03/2019;26.03;85.77;1006.04;1.29;161.98;2.34;170.43;good
17/03/2019;26.07;86.46;999.06;0.65;156.09;6.39;134.3;suspect
18/03/2019;27.06;81.14;997.39;0.48;132.76;1.32;163.21;suspect
19/03/2019;25.3;92.44;1004.04;0.47;160.11;4.01;78.95;suspect
20/03/2019;27.18;83.07;1003.9;1.1;185.95;6.66;226.39;good
21/03/2019;27.51;83.07;1004.69;0.89;197.39;0.58;192.14;suspect
22/03/2019;28.36;81.8;1004.49;1.16;185.23;0.42;213.44;good
23/03/2019;27.06;86.81;1003.52;0.71;162.09;0.86;130.95;suspect
24/03/2019;27.72;84.48;1003.88;0.42;131.42;0.01;134.21;suspect
25/03/2019;26.18;87.41;998.29;0.77;106.16;1.59;164.38;suspect
26/03/2019;26.93;85.7;1006.72;0.93;235.62;23.51;162.22;suspect
27/03/2019;26.8;80.52;1006.85;1.16;176.46;2.74;215.75;good
28/03/2019;26.33;87.61;1006.08;0.61;145.33;4.72;144.43;suspect
29/03/2019;27.67;81.53;1004.49;0.91;129.08;8.01;248.6;suspect
30/03/2019;27.45;82.56;1005.23;0.84;187.42;0.12;211.5;suspect
31/03/2019;27.02;82.72;999.15;0.72;180.22;2.06;178.37;suspect
01/04/2019;26.63;84.54;999.42;0.78;147.61;53.41;180.56;suspect
02/04/2019;26.34;87.39;1005.98;0.68;80.52;22.65;147.73;suspect
03/04/2019;27.51;82.19;1006.07;1;127.68;3.57;193.92;good
04/04/2019;26.48;87.61;1005.83;0.87;176.64;48.22;173.9;suspect
05/04/2019;27.72;78.9;1006.19;0.94;206.73;0.53;202;good
06/04/2019;26.98;82.25;1005.76;0.75;198.83;8.84;182;suspect
07/04/2019;27.92;80.69;1004.42;1.16;240.06;17.3;230.49;suspect
08/04/2019;27.86;79.54;997.28;0.87;185.72;1.03;258.17;suspect
09/04/2019;28.74;79.73;1004.79;0.81;247.19;11.55;307.93;suspect
10/04/2019;28.46;83.17;1003.86;0.84;175.9;0.28;196.72;suspect
11/04/2019;27.2;85.33;1004.07;0.63;159.87;13.91;166.21;suspect
12/04/2019;28.91;75.87;1004.85;0.67;168.33;0.16;215.59;suspect
13/04/2019;27.96;81.62;1005.51;0.98;198.45;0.31;193.79;suspect
14/04/2019;27.78;86.31;1005.07;0.63;136.3;7.97;171.29;suspect
15/04/2019;26.41;86.68;998.08;0.74;148.99;20.22;123.82;suspect
16/04/2019;26.05;88.24;1005.29;1;174.74;15.24;121.96;suspect
17/04/2019;28.49;79.43;1005.09;0.49;126.75;0.21;209.62;suspect
18/04/2019;28.44;80.3;997.4;0.75;104.51;0.1;174.56;suspect
19/04/2019;27.18;87.31;1004;0.64;156.82;7.41;124.32;suspect
20/04/2019;27.94;79.69;996.38;0.64;113.41;0.11;147.14;suspect
21/04/2019;26.28;69.76;933.3;1.37;122.53;0;193.47;suspect
22/04/2019;29.34;71.6;1002.45;1.54;120.86;0;251.77;suspect
23/04/2019;29.06;75.76;1003.07;1.05;106.28;0.08;230.73;suspect
24/04/2019;27.95;79.77;1004.09;0.63;111.05;0.01;141.53;suspect
25/04/2019;28.05;79.97;1003.22;0.8;117.6;3.91;156.99;suspect
26/04/2019;27.8;84.34;1003.14;0.54;123.58;9.82;163.25;suspect
27/04/2019;27.54;85.07;1004.01;0.93;118.52;2.65;165.39;suspect
28/04/2019;27.66;86.45;1004.67;0.6;136.96;1.17;153.8;suspect
29/04/2019;27.83;85.72;1004.65;0.59;111.99;0.05;146.45;suspect
30/04/2019;26.31;88.64;997.55;0.93;155.74;53.88;119.87;suspect
01/05/2019;27.46;81.96;994.24;1.08;174.53;19.16;201.35;suspect
02/05/2019;27.01;84.59;1005.84;1;176.12;14.78;161.26;suspect
03/05/2019;28.87;77.61;1006.22;0.8;131.2;0.18;202.14;suspect
04/05/2019;28.02;80.41;999.13;0.98;136.19;5.04;204.82;suspect
05/05/2019;28.19;76.35;991.91;0.73;136.56;0.08;213.94;suspect
06/05/2019;28.31;78.98;1004.99;0.7;188.64;0;200.12;suspect
07/05/2019;28.73;76.19;1004.27;0.69;134.93;0;189.87;suspect
08/05/2019;27.98;81.16;1004.19;0.68;127.07;0;148.58;suspect
09/05/2019;28.37;78.78;1004.36;0.99;166.84;1.35;201.17;good
10/05/2019;28.01;77.14;998.77;0.77;128.96;0.02;165.97;suspect
11/05/2019;28.26;75.77;1005.97;0.78;137.22;0;159.45;suspect
12/05/2019;27.96;76.42;1005.59;0.82;129.4;0;182.49;good
13/05/2019;28.08;70.81;998.02;0.7;148.77;0;184.82;suspect
14/05/2019;28.54;75.93;1005.02;0.79;62.51;0;308.05;suspect
15/05/2019;28.39;78.82;1005.77;0.98;104.37;4.66;170.27;suspect
16/05/2019;28.71;76.77;1005.93;0.69;92.19;0.04;179.8;suspect
17/05/2019;27.21;63.22;998.68;0.82;134.58;0;193.76;suspect
18/05/2019;27.65;70.33;1006.03;0.77;142.39;0;188.1;suspect
19/05/2019;28.13;72.5;1005.99;0.77;142.83;0;207.66;good
20/05/2019;27.32;74.23;978.32;0.81;102.29;0;187.39;suspect
21/05/2019;28.56;73.49;1006.03;0.87;134.26;0;206.06;suspect
22/05/2019;28.43;71.86;1006.18;0.84;164.87;0;175.66;suspect
23/05/2019;28.89;64.36;992.42;1.25;137.85;0;230.18;suspect
24/05/2019;28.47;68.27;1004.99;1.35;131.7;0;143.72;suspect
25/05/2019;28.09;64.81;1005.03;1.04;183.07;0;193.55;suspect
26/05/2019;28.29;71.16;1004.71;0.88;158.79;0;202.28;suspect
27/05/2019;27.9;74.13;1004.44;0.95;85.98;0;182.46;good
28/05/2019;28.34;71.56;1003.59;1.61;133.84;0;217.34;suspect
29/05/2019;28.8;69.28;1003.83;1.16;154.98;0.5;189.74;suspect
30/05/2019;28.53;61.17;1003.59;1.87;175.37;0;202.49;good
31/05/2019;28.33;58.43;1003.28;3.03;170.52;0;218.9;good
01/06/2019;27.96;60.59;1003.72;2.67;185;0;218.1;suspect
02/06/2019;28.19;60.16;1003.88;2.25;184.97;0;182.08;suspect
03/06/2019;27.24;68.4;1004.08;1.08;180.44;0;124.31;suspect
04/06/2019;27.63;73.59;1004.18;0.67;138.25;0;176.85;suspect
05/06/2019;28.4;70.34;1004.02;0.9;125.53;0;202.4;good
06/06/2019;27.83;72.38;1005.05;1.13;120.9;0;192.99;suspect
07/06/2019;27.94;70.98;998.76;1.19;153.73;0;168.61;suspect
08/06/2019;27.71;65.05;998.7;0.94;168.77;0;169.38;suspect
09/06/2019;28.06;61.3;1005.18;1.47;206.23;0;188.31;suspect
10/06/2019;28.45;63.05;997.94;1.4;170.72;0;184.46;suspect
11/06/2019;28.59;59.34;1005.43;2.66;181.04;0;189.35;suspect
12/06/2019;28.74;59.28;1005.96;2.4;177.74;0;189.93;suspect
13/06/2019;28.62;67.56;1005.54;0.96;125.29;0;174.85;suspect
14/06/2019;27.64;72.95;1005.24;1.14;149.62;0;131.92;good
15/06/2019;28.2;63.5;991.59;1.88;180.87;0;182.88;suspect
16/06/2019;27.7;63.01;999.17;1.79;154.02;0;166.7;suspect
17/06/2019;26.3;61.69;1006.18;1.87;201.14;0;208.6;suspect
18/06/2019;26.95;65.94;1005.92;1.34;137.41;0;200.22;suspect
19/06/2019;26.64;59.63;1005.58;1.3;146.02;0;194.1;suspect
20/06/2019;26.07;57.28;991.36;1.06;184.09;0;187.71;suspect
21/06/2019;25.55;64.6;1004.62;0.79;122.04;0;179.92;suspect
22/06/2019;26.29;71.4;1004.49;0.69;124.32;0;182.19;suspect
23/06/2019;26.1;69.13;998.55;0.76;131.57;0;159.07;suspect
24/06/2019;26.57;64.64;1006.63;0.81;142.26;0;183.26;suspect
25/06/2019;26.53;68.1;1006.71;0.99;156.13;0;194.6;good
26/06/2019;26.98;66.06;999.41;1.06;126.2;0;191.73;suspect
27/06/2019;27.36;57.53;992.42;2;169.86;0;192.1;suspect
28/06/2019;27.22;54.36;1005.85;2.54;176.84;0;202.04;suspect
29/06/2019;26.5;57.04;1005.58;1.36;175.43;0;204.82;suspect
30/06/2019;26.71;59.62;1005.97;1.4;151.87;0;198.45;good
01/07/2019;26.48;61.19;1005.63;1.1;115.01;0;193.78;suspect
02/07/2019;26.56;66.88;1005.89;0.96;131.42;0;171.85;suspect
03/07/2019;27.78;66.6;1006.13;1.01;138.39;0;188.71;good
04/07/2019;28.25;70.28;1006.55;1.13;139.89;0;182.6;good
05/07/2019;27.66;70.08;998.08;0.78;185.41;0;118.28;suspect
06/07/2019;27.56;71.43;1005.18;1.11;106.31;0;167.07;suspect
07/07/2019;27.28;67.6;1007.22;1.46;98.48;0;204.48;suspect
08/07/2019;27.46;66.55;1007.27;1.41;150.68;0;190.5;suspect
09/07/2019;26.73;56.04;1006.87;2.32;163.31;0;202.47;suspect
10/07/2019;26.58;60.14;1000.08;1.48;141.45;0;203.73;suspect
11/07/2019;27.01;62.09;1008.17;1.44;143.71;0;209.66;suspect
12/07/2019;27.6;57.74;1007.99;1.78;149.89;0;178.37;good
13/07/2019;26.82;51.41;1006.66;2.54;172.01;0;212.42;suspect
14/07/2019;25.93;57.52;1006.22;1.53;193.29;0;219.35;suspect
15/07/2019;26.76;55.14;1006.4;1.85;177.46;0;171.57;good
16/07/2019;26.6;49.94;991.56;3.78;183.25;0;216.6;suspect
17/07/2019;26.87;53.88;1004.67;1.83;153.27;0;204.46;suspect
18/07/2019;28.33;56.41;1003.71;1.77;154.07;0;209.38;suspect
19/07/2019;28.18;59.16;1004.23;2.02;164.54;0;118.63;suspect
20/07/2019;27.95;63.94;1004.12;2.1;162.23;0;142.04;good
21/07/2019;31.98;47.46;1003.6;2.94;189.55;0;550.25;suspect
22/07/2019;27.84;61.12;1004.79;1.06;115.72;0;254.03;suspect
23/07/2019;27.82;60.15;1005.77;1.25;142.13;0;212.2;suspect
24/07/2019;27.55;57.37;1007.06;1.96;144.33;0;196.1;suspect
25/07/2019;26.46;60.04;1000.16;1.61;127.94;0;203.27;suspect
26/07/2019;26.85;68.72;1006.24;1.11;99.08;0;208.8;suspect
27/07/2019;27.42;66.09;1006.41;0.96;101.73;0;189.54;suspect
28/07/2019;27.6;56.72;1006.77;1.64;152.9;0;195.9;good
29/07/2019;27.15;55.93;1006.58;1.65;157.34;0;216.39;good
30/07/2019;27.63;56.6;999.78;1.94;149.29;0;184.73;suspect
31/07/2019;27.82;52.6;1006.16;3.02;183.61;0;222.01;suspect
01/08/2019;30.18;49.38;1006.21;2.16;103.36;0;363.03;suspect
02/08/2019;27.27;61.47;1006.65;1.33;124.95;0;186.98;suspect
03/08/2019;27.91;49.03;1006.33;4.36;177.17;0;276.9;suspect
04/08/2019;26.67;47.74;1006.11;4.47;178.5;0;222.82;good
05/08/2019;26.72;45.27;1005.79;3.18;169.06;0;225.72;suspect
06/08/2019;25.8;53.79;1005.46;1.31;145.38;0;224.39;suspect
07/08/2019;26.35;52.24;1005.03;1.73;146.84;0;207.05;good
08/08/2019;27.19;58.5;1005.31;1.68;137.58;0;221.67;suspect
09/08/2019;27.29;53.92;1005.42;1.44;161.53;0;193.79;suspect
10/08/2019;27.17;56.51;1005.43;1.37;146.47;0;213.22;suspect
11/08/2019;26.72;62.67;1005.72;1.27;125.87;0;159.81;suspect
12/08/2019;26.77;63.31;992.51;1.5;99.96;0;173.83;suspect
13/08/2019;27.49;66.55;1006.65;1.7;106.35;0.22;214.39;suspect
14/08/2019;27.73;64.96;1006.91;1.57;117.71;0.02;184.86;suspect
15/08/2019;28.39;59.81;1007.03;1.42;116.4;0;202.54;suspect
16/08/2019;28.21;53.53;1000.18;2.44;151.97;0;223.65;suspect
17/08/2019;28.04;46.99;1007.09;2.98;176.42;0;238.08;suspect
18/08/2019;27.67;53.18;1007.34;2.32;154.58;0;231.89;suspect
19/08/2019;27.9;51.71;1006.67;3.44;175.99;0;237.21;suspect
20/08/2019;27.31;57.05;998.71;1.78;140.56;0;225.16;suspect
21/08/2019;28.16;59.06;1006.2;2.02;98.02;0;241.3;suspect
22/08/2019;28.04;61.51;1006.8;1.86;101.52;0;200.95;suspect
23/08/2019;27.96;55.21;1006.55;2.08;188.85;0;232.69;good
24/08/2019;27.38;58.65;1006.08;1.86;156.59;0;179.89;suspect
25/08/2019;28.03;60.18;1005.77;1.36;131.86;0;212.59;suspect
26/08/2019;27.82;62.63;1005.33;1.07;158.05;0;148.88;suspect
27/08/2019;28.25;64.16;1002.26;1.03;138.05;0;207.9;suspect
28/08/2019;27.35;63.54;1006.64;1.14;139.35;0;176.86;suspect
29/08/2019;27.17;63.66;995.54;1.45;110.25;0;206.6;suspect
30/08/2019;27.04;58.41;1004.52;1.45;148.05;0;242.27;suspect
31/08/2019;26.95;59.73;1005.36;1.36;161.06;0;236.5;suspect
01/09/2019;28.05;58.79;1005.75;1.71;145.21;0;220.28;good
02/09/2019;28.3;59.67;1005.7;1.36;99.85;0;235.64;suspect
03/09/2019;28.26;59.73;1006.02;1.24;144.24;0;212.64;suspect
04/09/2019;27.95;56.64;998.98;1.58;134.45;0;230.14;suspect
05/09/2019;27.54;51.91;1006.15;1.93;142.52;0;254.22;suspect
06/09/2019;27.74;53.07;1006.54;1.82;135.16;0;257.68;suspect
07/09/2019;28.07;53.6;1006.98;2.32;159.21;0;239.63;good
08/09/2019;28.49;54.2;1007.08;1.47;119.58;0;214.06;suspect
09/09/2019;28.09;55.71;993.11;1.26;107.83;0;227.28;suspect
10/09/2019;28.83;46.23;1000.62;2.54;123.17;0;265.28;suspect
11/09/2019;28.71;48.98;993.93;1.93;132.11;0;255.97;suspect
12/09/2019;28.07;41.85;1007.8;2.5;147.21;0;260.24;suspect
13/09/2019;27.26;49.93;1007.76;1.65;139.26;0;238.69;suspect
14/09/2019;27.27;57.22;1007.1;1.06;94.98;0;228.54;suspect
15/09/2019;27.91;61.26;1005.61;1.26;137.95;0;226.86;suspect
16/09/2019;27.7;65.01;1005.56;1.42;91.2;0;249.21;good
17/09/2019;28.19;62.87;1006.62;1.47;105.29;0;208.04;suspect
18/09/2019;26.8;55.17;965.11;1.65;128.93;0;206.27;suspect
19/09/2019;28.12;54.47;1006.53;2.43;160.03;0;229.01;suspect
20/09/2019;28.9;49.3;999.67;2.21;169.53;0;315.45;suspect
21/09/2019;28.15;56.16;1005.83;1.4;137.06;0;255.97;suspect
22/09/2019;28.75;56.26;1006.51;1.72;135.04;0;233.44;suspect
23/09/2019;29.88;57.55;999.76;1.97;79.69;0;323.25;suspect
24/09/2019;29.38;57.61;1006.37;1.68;121.47;0;220.86;suspect
25/09/2019;28.94;59.89;1006.49;1.51;143.89;0;249.07;suspect
26/09/2019;31.39;53.08;1006.81;1.79;82.13;0;359.95;good
27/09/2019;31.44;52.84;1006.79;1.45;159.68;0;427.29;suspect
28/09/2019;30.28;55.82;1006.34;1.43;138.1;0;306.2;suspect
29/09/2019;29.3;59.95;1006.49;0.95;114.86;0;146.67;suspect
30/09/2019;32.01;43.32;1006.32;1.93;167.76;0;407.78;suspect
01/10/2019;30.51;49.89;1006.28;1.91;131.97;0;270.46;suspect
02/10/2019;31.36;49;1006.88;2.42;150.63;0;369.27;suspect
03/10/2019;30.49;51.17;999.62;2.56;127.32;0;320.62;suspect
04/10/2019;30;48.18;1005.82;2.39;143.96;0;285.48;suspect
05/10/2019;29.72;47.46;1004.88;2.88;178.39;0;279.44;suspect
06/10/2019;29.24;49.08;994.78;1.58;153.5;0;240.29;suspect
07/10/2019;31.76;45.01;1004.78;1.54;75.73;0;332.15;suspect
08/10/2019;30.12;55.28;1004.8;1.41;186.31;0;233.06;suspect
09/10/2019;29.93;60.61;1004.96;1.39;129.15;0;206.73;suspect
10/10/2019;31.01;54.31;1005.7;1.28;67.41;0;262.16;suspect
11/10/2019;31.82;51.85;1004.6;1.06;34.27;0;307.19;suspect
12/10/2019;30.39;53.33;1004.04;1.55;91.95;0;198.54;suspect
13/10/2019;30.61;50.94;1004.52;1.27;129.05;0;301.82;suspect
14/10/2019;30.36;53.85;1005.07;1.75;120.38;0;283.47;suspect
15/10/2019;29.9;55.69;1004.96;1.12;140.65;0;285.93;suspect
16/10/2019;29.49;57.2;997.17;1.62;136.06;0;143.34;suspect
17/10/2019;29.91;55.19;1003.89;1.31;213.2;0;201.46;suspect
18/10/2019;29.9;55.41;1004.12;1.24;101.41;0;263.39;suspect
19/10/2019;30.54;50.78;1004.8;1.76;110.19;0;249.08;suspect
20/10/2019;29.74;59;1004.7;1.5;72.48;0;295.48;suspect
21/10/2019;31.78;45.57;1002.96;2.82;119.96;0;293.5;suspect
22/10/2019;31.24;46.09;1003.1;2.21;147.36;0;281.78;suspect
23/10/2019;30.94;48.43;1003.32;2;142.95;0;236.5;suspect
24/10/2019;30.84;51.81;1003.99;1.42;132.44;0;253.43;suspect
25/10/2019;30;52.72;1004.19;1.49;126.99;0;261.45;good
26/10/2019;30.77;54.89;1003.58;1.6;164.75;0;276.8;suspect
27/10/2019;29.46;57.01;1003.42;1.19;151.28;0;160.36;suspect
28/10/2019;30.06;52.54;1003.56;1.41;89.15;0;171.96;good
29/10/2019;30.41;50.15;1003.62;1.35;169.95;0;213.55;suspect
30/10/2019;29.83;55.7;1003.19;1.3;164.52;0;221.13;suspect
31/10/2019;31.39;51.79;1003.37;1.59;160.11;0;240.64;good
01/11/2019;28.12;64.66;1003.13;1.64;270.01;0;19.33;suspect
02/11/2019;28.47;58.83;1005.08;2.41;191.69;0;118.38;suspect
03/11/2019;29.65;55.71;1005.19;2.13;193.62;0;241.17;suspect
04/11/2019;28.4;58.36;1006.74;1.12;173.68;0;133.24;suspect
05/11/2019;29.29;57.14;1004.24;1.61;176.57;0;177.22;suspect
06/11/2019;31.44;47.91;1003.87;1.9;167;0;301.44;good
07/11/2019;29.06;58.95;1005.24;0.78;94.56;0;142.48;suspect
08/11/2019;30.23;53.02;998.69;1.31;209.63;0;244.74;suspect
09/11/2019;31.03;46.76;1005.05;1.04;178.65;0;214.51;suspect
10/11/2019;30.06;55.42;996.91;1.77;166.45;0;140.32;suspect
11/11/2019;31.44;51.4;1003.63;1.44;166.04;0;165.96;suspect
12/11/2019;30.99;55.38;1004.95;1.13;212.46;0;125.98;suspect
13/11/2019;30.19;60.25;1005.52;1.05;147.09;0;182;suspect
14/11/2019;29.16;62.36;1005.13;1.06;64.68;0;122;good
15/11/2019;30.12;53.37;997.46;1.06;128.16;0;165.9;suspect
16/11/2019;31.62;46.29;1004.93;1.92;150.64;0;289.45;suspect
17/11/2019;31.15;51.26;1004.7;1.85;149.02;0;231.97;suspect
18/11/2019;30.95;57.15;1004.54;1.41;95.55;0;211.85;suspect
19/11/2019;30.83;55.67;1004.01;1.01;107.52;0;250.65;suspect
20/11/2019;28.27;73.98;1003.56;0.86;119.72;14.41;212.04;suspect
21/11/2019;28.25;70.89;1004.44;1.07;157.95;2.52;153.84;suspect
22/11/2019;28.07;70.08;1004.93;0.67;200.45;0.01;210.07;suspect
23/11/2019;30.99;58.32;1005;0.97;184.92;0;270.59;suspect
24/11/2019;30.12;59.64;1004.81;0.62;138.59;0;252.02;suspect
25/11/2019;28.37;73.55;1003.96;0.77;169.12;1.32;163.26;suspect
26/11/2019;28.19;71.9;1004.23;0.28;174.26;10.02;155.44;suspect
27/11/2019;28.4;74.1;1003.06;0.81;152.27;6.08;141;suspect
28/11/2019;33.87;48.27;1002.45;2;74.16;0.08;406.49;suspect
29/11/2019;30.81;64.93;1002.56;1.29;115.86;0;205.39;suspect
30/11/2019;29.05;70.94;1003.49;1.04;104.82;0.38;195.47;suspect
01/12/2019;26.33;81.14;1003.31;0.21;83.27;0.17;5.48;suspect
02/12/2019;29.57;62.96;985.61;0.62;184.43;0;122.12;suspect
03/12/2019;29.02;70.91;1003.81;1.11;168.3;0;98.55;suspect
04/12/2019;27.61;81.31;997.55;0.82;177.26;7.79;134.27;suspect
05/12/2019;27.01;85.07;991.28;0.9;157.17;19.38;221.15;suspect
06/12/2019;27.27;86.21;1004.92;0.98;186.28;30.46;200.21;suspect
07/12/2019;28.13;82.89;1006.13;0.97;181.68;1.16;237.2;suspect
08/12/2019;28.78;71.64;1005.61;0.77;162.22;0.55;267.16;suspect
09/12/2019;28.18;75.94;1004.88;0.58;169.81;0;168.33;suspect
10/12/2019;28.32;70.96;1004.42;0.74;173.6;0;198.63;good
11/12/2019;26.73;81.59;993.64;0.87;174.34;5.35;174.37;suspect
12/12/2019;27.08;81.63;997.88;0.26;212.88;0.55;130.46;suspect
13/12/2019;27.07;77.92;1005.34;0.62;220.88;0;137.39;suspect
14/12/2019;27.91;75.13;1004.34;0.91;204.93;0;206.65;suspect
15/12/2019;28.25;75.73;1003.82;1.25;196.95;2.69;166.72;suspect
16/12/2019;26.87;85.79;1004.21;0.63;245.31;0.88;149.5;suspect
17/12/2019;25.83;89.66;1004.8;0.81;162.09;224.25;127.81;suspect
18/12/2019;26.07;72.93;931.9;0.5;253.51;13.42;238.45;suspect
19/12/2019;28.42;78.45;1005.26;0.36;245.29;0;197.09;suspect
20/12/2019;28.36;76.08;1004.04;0.95;227.68;0;307.38;suspect
21/12/2019;28.54;76.42;1004.08;1.04;245.49;11.71;286.53;good
22/12/2019;27.28;82.67;1004.32;0.65;245.07;5.46;181.05;suspect
23/12/2019;27.53;79.55;1005.66;0.56;240.59;25;259.65;suspect
24/12/2019;27.89;81.63;1004.86;0.32;239.36;0.03;51.51;suspect
25/12/2019;25.73;90.77;1004.88;1.07;215.44;2;20.94;good
26/12/2019;26.61;87.25;1005.05;0.65;111.66;15.81;38.47;suspect
27/12/2019;25.26;88.63;984.51;0.77;156.54;25.33;133.61;suspect
28/12/2019;27.15;84.28;1005.41;0.74;158.09;0.09;165.86;suspect
29/12/2019;28.57;77.29;1005.33;0.86;225.26;0;253.5;good
30/12/2019;27.81;81.66;1005.52;0.98;235.86;10.28;238.17;good
31/12/2019;26.16;90.14;1006.28;0.9;251.97;35.75;141.27;suspect
01/01/2020;26.3;85.89;1007.54;1.16;220.59;1.19;143.4;suspect
02/01/2020;27.44;82.29;1006.89;1.43;189.63;0.04;190.5;suspect
03/01/2020;28.19;78.04;997.54;1.55;282.07;0;172.59;suspect
04/01/2020;27.45;84.62;1003.46;1.51;223.92;0;111.11;suspect
05/01/2020;26.92;84.81;1004.34;1.39;177.18;0;108.42;suspect
06/01/2020;26.83;85.94;1004.48;1.25;241.81;0.45;135.15;suspect
07/01/2020;26.33;90.68;1003.86;0.6;126.7;24.56;113.94;suspect
08/01/2020;26.21;89.81;1003.48;0.87;162.16;5.28;143.37;good
09/01/2020;24.66;93.47;1003.86;0.49;196.95;16.79;46.29;suspect
10/01/2020;26.67;82.41;1004;1.08;209.21;0.14;143.21;suspect
11/01/2020;27.22;82.11;1004.7;1.22;185.15;8.09;259.21;suspect
12/01/2020;28.93;75.43;1002.86;1.57;283.53;0.52;263.5;suspect
13/01/2020;28.36;77.43;1003.03;1.71;312.13;0;201.57;good
14/01/2020;28.1;75.64;997.33;1.26;240.04;0;209.3;suspect
15/01/2020;28.67;78.15;1005.51;0.7;311.24;0.28;173.58;suspect
16/01/2020;28.11;78.97;1005.38;0.84;252.26;2.35;285.96;good
17/01/2020;27.63;82.9;1005.84;1.1;216.11;34.39;268.18;suspect
18/01/2020;27.91;80.94;1005.94;1.19;235.7;0.65;221.55;good
19/01/2020;28.08;78.73;1005.91;1.17;270.8;6.25;199.92;suspect
20/01/2020;27.65;84.01;1007.3;1.14;276.97;14.56;167.52;suspect
21/01/2020;27.35;85.3;1007.48;0.81;232.63;0.27;142.49;suspect
22/01/2020;28.93;74.53;1006.44;0.81;202.29;0;259.66;suspect
23/01/2020;28.14;80.35;1005.43;1.08;206.38;0.84;238.51;suspect
24/01/2020;28.13;82.47;1005.8;1.27;237.14;5.51;252.71;good
25/01/2020;26.23;90.2;937.22;0.89;214.21;10.92;146.51;suspect
26/01/2020;27.49;86.23;897.84;0.72;203.62;25.94;242.53;suspect
27/01/2020;27.19;86.33;1005.24;0.57;211.46;4.82;213.99;suspect
28/01/2020;27.74;86.79;1005.32;0.63;183.5;25.28;221.35;good
29/01/2020;27.46;86.49;1005.4;0.64;220.32;5.68;154.39;good
30/01/2020;27.81;80.94;1005.35;0.6;185.33;0.09;124.7;suspect
31/01/2020;26.95;84.32;1005.9;0.66;197.04;0.33;132.39;suspect
01/02/2020;26.66;85.39;1006.12;0.99;239.45;0.94;124.03;good
02/02/2020;27.08;80.27;987.23;0.81;197.5;0.01;152.16;suspect
03/02/2020;26.68;85.65;1005.26;1.24;238.59;6.76;177.39;suspect
04/02/2020;26.58;88.33;1005.5;1.03;202.5;0.62;153.8;suspect
05/02/2020;27.01;83.85;1006.05;1.01;207.76;27.26;269.66;suspect
06/02/2020;27.11;87.14;1005.52;1.12;224.02;2.16;242.23;suspect
07/02/2020;26.75;87.48;1006.43;1.42;226.89;3.69;196.19;suspect
08/02/2020;27.04;80.09;1007.11;0.96;230.3;0.06;161.45;suspect
09/02/2020;25.83;86.11;902.98;0.71;154.93;19.79;130.77;suspect
10/02/2020;26.49;88.91;824.82;0.79;66.56;28.25;242.11;suspect
11/02/2020;26.28;89.46;1007.05;0.46;121.85;5.72;199.45;suspect
12/02/2020;29.44;76.87;1007.26;1.14;200.32;0.2;412.98;suspect
13/02/2020;28.05;84.56;1005.97;0.71;165.23;0.65;246.1;suspect
14/02/2020;27.54;84.38;1006.16;0.82;224.34;0.03;231.34;good
15/02/2020;27.16;85.41;1006.46;1.1;235.77;16.5;230.04;good
16/02/2020;26.52;88.16;1006.77;0.97;197.36;12.6;165.49;suspect
17/02/2020;25.61;89.96;1007.17;0.68;184.11;28.92;160.26;suspect
18/02/2020;25.7;88.53;665.61;0.74;201.85;3.45;126.24;suspect
19/02/2020;26.16;86.95;497.22;1.71;254.27;11.13;183.02;suspect
20/02/2020;25.61;90.95;500.71;0.54;201.38;3.35;72.33;suspect
21/02/2020;27.22;83.13;500.63;1.3;207.3;0.01;239.56;good
22/02/2020;27.51;84.8;939.84;1.44;277.84;0.43;233.14;suspect
23/02/2020;27.32;86.66;1005.75;1.41;257.31;5.16;137.87;suspect
24/02/2020;24.9;96.6;1006.13;0.86;241.07;27.74;57.49;suspect
25/02/2020;26.53;88.94;1005.64;1.08;195.59;5.4;178.02;good
26/02/2020;27.34;85.54;1005.45;0.94;240.67;0.35;189.12;suspect
27/02/2020;26.84;86.11;997.97;0.97;186.35;1.91;173.87;suspect
28/02/2020;26.56;89.32;1004.13;1.04;227.18;25.17;162.73;suspect
29/02/2020;26.64;88.08;990.07;1.2;225.86;2.88;164.29;suspect
01/03/2020;27.09;89.47;1004.5;1;236.32;0.3;133.16;suspect
02/03/2020;28.15;85.48;1004.71;0.82;215.05;0.48;188.57;suspect
03/03/2020;27.39;85.77;998.39;1.03;195.45;19.49;221.76;suspect
04/03/2020;26.19;90.45;1005.67;0.76;187.62;27.12;153.97;suspect
05/03/2020;26.86;87.39;1005.57;0.59;142.87;2.22;176.19;suspect
06/03/2020;26.69;87.35;1006.65;0.84;151.57;47.18;207.36;suspect
07/03/2020;26.83;88.14;996.02;0.55;138.05;2.09;155.72;suspect
08/03/2020;26.57;87.97;1005.39;0.82;154.7;6.37;190.87;suspect
09/03/2020;27.81;83.96;1004.08;0.55;154.57;0.42;219.36;suspect
10/03/2020;27.15;87.95;997.26;0.58;134.94;13.41;179.56;suspect
11/03/2020;28.08;85.76;1005.19;0.82;190.62;0.19;226.49;suspect
12/03/2020;25.67;92.47;1007.58;0.6;193.71;3.14;93.47;suspect
13/03/2020;27.5;81.33;993.15;0.65;194.48;0.03;198.8;suspect
14/03/2020;26.82;86.57;1005.75;0.79;196.17;2.45;202.6;suspect
15/03/2020;27.6;85.41;1005.54;0.71;160.12;12.75;202.3;suspect
16/03/2020;26.07;89.1;1006.7;0.75;152.44;3.48;163.13;suspect
17/03/2020;28.03;83.34;1006;0.62;107.79;0.04;201.6;suspect
18/03/2020;26.72;88.33;998.98;0.52;152.49;0.56;157.84;suspect
19/03/2020;26.36;87.13;999.61;0.6;154.68;0.5;146.57;suspect
20/03/2020;26.46;88.03;1006.74;0.54;104.75;0.01;138.91;suspect
21/03/2020;27.88;82.66;1006.67;0.77;89.27;4.95;205.38;good
22/03/2020;26.91;85.18;999.41;0.59;187.38;0.16;191.57;suspect
23/03/2020;27.79;81.4;1005.34;0.66;210.19;0;183.06;suspect
24/03/2020;26.53;90.37;1004.7;0.67;86.98;1;132.37;suspect
25/03/2020;27.71;83.06;1004.08;0.87;186.85;4.84;217.69;suspect
26/03/2020;26.02;92.33;1004.98;0.74;204.68;32.77;102.82;suspect
27/03/2020;28.26;81.83;1005.2;0.64;176.2;0.37;209.12;suspect
28/03/2020;28.53;81.07;1004.28;0.73;193.1;0;237.2;suspect
29/03/2020;26.95;86.98;1004.24;0.85;156.18;6.85;170.15;good
30/03/2020;26.77;87.56;1004.96;0.72;162.33;22.16;175.26;suspect
31/03/2020;26.9;85.86;1004.93;0.94;190.28;21.25;238.88;good
01/04/2020;24.27;98.64;1006.18;0.01;9.45;35.21;26.11;suspect
02/04/2020;24.4;97.96;1006.14;0.03;9.56;34.66;33.76;suspect
03/04/2020;24.53;97.28;1006.1;0.05;9.66;34.11;41.41;suspect
04/04/2020;24.65;96.6;1006.06;0.07;9.77;33.56;49.06;suspect
05/04/2020;24.78;95.92;1006.02;0.08;9.87;33;56.71;suspect
06/04/2020;24.91;95.24;1005.99;0.1;9.98;32.45;64.36;suspect
07/04/2020;25.04;94.56;1005.95;0.12;10.08;31.9;72.02;suspect
08/04/2020;25.17;93.88;1005.91;0.14;10.18;31.35;79.67;suspect
09/04/2020;25.3;93.2;1005.87;0.16;10.29;30.8;87.32;suspect
10/04/2020;25.43;92.52;1005.83;0.18;10.39;30.25;94.97;suspect
11/04/2020;25.56;91.84;1005.79;0.2;10.5;29.69;102.62;good
12/04/2020;25.69;91.16;1005.75;0.21;10.6;29.14;110.27;good
13/04/2020;25.82;90.47;1005.71;0.23;10.7;28.59;117.92;good
14/04/2020;25.94;89.79;1005.67;0.25;10.81;28.04;125.57;good
15/04/2020;26.07;89.11;1005.64;0.27;10.91;27.49;133.22;good
16/04/2020;26.2;88.43;1005.6;0.29;11.02;26.94;140.87;good
17/04/2020;26.33;87.75;1005.56;0.31;11.12;26.38;148.52;good
18/04/2020;26.46;87.07;1005.52;0.33;11.22;25.83;156.17;good
19/04/2020;26.59;86.39;1005.48;0.35;11.33;25.28;163.82;good
20/04/2020;26.72;85.71;1005.44;0.36;11.43;24.73;171.47;good
21/04/2020;26.85;85.03;1005.4;0.38;11.54;24.18;179.12;good
22/04/2020;26.98;84.35;1005.36;0.4;11.64;23.63;186.78;good
23/04/2020;27.11;83.67;1005.33;0.42;11.75;23.07;194.43;good
24/04/2020;27.23;82.99;1005.29;0.44;11.85;22.52;202.08;good
25/04/2020;27.36;82.31;1005.25;0.46;11.95;21.97;209.73;good
26/04/2020;27.49;81.63;1005.21;0.48;12.06;21.42;217.38;good
27/04/2020;27.62;80.95;1005.17;0.49;12.16;20.87;225.03;good
28/04/2020;27.75;80.26;1005.13;0.51;12.27;20.31;232.68;good
29/04/2020;27.88;79.58;1005.09;0.53;12.37;19.76;240.33;good
30/04/2020;28.01;78.9;1005.05;0.55;12.47;19.21;247.98;good
01/05/2020;28.14;78.22;1005.01;0.57;12.58;18.66;255.63;good
02/05/2020;28.27;77.54;1004.98;0.59;12.68;18.11;263.28;good
03/05/2020;28.4;76.86;1004.94;0.61;12.79;17.56;270.93;good
04/05/2020;28.52;76.18;1004.9;0.63;12.89;17;278.58;good
05/05/2020;28.65;75.5;1004.86;0.64;12.99;16.45;286.23;good
06/05/2020;28.78;74.82;1004.82;0.66;13.1;15.9;293.89;good
07/05/2020;28.91;74.14;1004.78;0.68;13.2;15.35;301.54;good
08/05/2020;29.04;73.46;1004.74;0.7;13.31;14.8;309.19;good
09/05/2020;29.17;72.78;1004.7;0.72;13.41;14.25;316.84;good
10/05/2020;29.3;72.1;1004.66;0.74;13.52;13.69;324.49;good
11/05/2020;29.43;71.42;1004.63;0.76;13.62;13.14;332.14;good
12/05/2020;29.56;70.74;1004.59;0.77;13.72;12.59;339.79;good
13/05/2020;29.69;70.05;1004.55;0.79;13.83;12.04;347.44;good
14/05/2020;29.81;69.37;1004.51;0.81;13.93;11.49;355.09;good
15/05/2020;29.94;68.69;1004.47;0.83;14.04;10.94;362.74;good
16/05/2020;30.07;68.01;1004.43;0.85;14.14;10.38;370.39;good
17/05/2020;30.2;67.33;1004.39;0.87;14.24;9.83;378.04;good
18/05/2020;30.33;66.65;1004.35;0.89;14.35;9.28;385.69;good
19/05/2020;30.46;65.97;1004.31;0.9;14.45;8.73;393.34;good
20/05/2020;30.59;65.29;1004.28;0.92;14.56;8.18;400.99;good
21/05/2020;30.72;64.61;1004.24;0.94;14.66;7.63;408.65;good
22/05/2020;30.85;63.93;1004.2;0.96;14.76;7.07;416.3;good
23/05/2020;30.97;63.25;1004.16;0.98;14.87;6.52;423.95;good
24/05/2020;31.1;62.57;1004.12;1;14.97;5.97;431.6;good
25/05/2020;31.23;61.89;1004.08;1.02;15.08;5.42;439.25;good
26/05/2020;31.36;61.21;1004.04;1.04;15.18;4.87;446.9;good
27/05/2020;31.49;60.52;1004;1.05;15.29;4.32;454.55;good
28/05/2020;31.62;59.84;1003.97;1.07;15.39;3.76;462.2;good
29/05/2020;31.75;59.16;1003.93;1.09;15.49;3.21;469.85;good
30/05/2020;31.88;58.48;1003.89;1.11;15.6;2.66;477.5;good
31/05/2020;32.01;57.8;1003.85;1.13;15.7;2.11;485.15;good
01/06/2020;32.14;57.12;1003.81;1.15;15.81;1.56;492.8;good
02/06/2020;32.26;56.44;1003.77;1.17;15.91;1.01;500.45;good
03/06/2020;32.39;55.76;1003.73;1.18;16.01;0.45;508.1;good
04/06/2020;28.62;74.56;1004.33;0.79;88.86;0.03;192.46;suspect
05/06/2020;27.63;72.78;1005.66;0.96;131.79;0;182.44;suspect
06/06/2020;26.95;78.2;998.14;0.73;135.79;11.55;166.37;suspect
07/06/2020;27.74;80.88;1004.03;0.55;82.71;0.13;175.21;suspect
08/06/2020;27.85;78.15;1005.01;0.6;97.85;0;193.14;suspect
09/06/2020;27.7;82.67;1005.58;0.55;165.95;3.41;149.81;suspect
10/06/2020;27.64;82.19;1004.67;0.66;134.55;0.05;170.4;suspect
11/06/2020;27.16;79.32;1003.74;0.77;119.03;0;187.25;suspect
12/06/2020;27.13;72.85;1003.23;0.68;129.63;0;195.96;suspect
13/06/2020;27.3;76.02;997.61;0.48;112.7;0;177.6;suspect
14/06/2020;28.85;75.02;1004.84;0.68;152.9;0;168.45;suspect
15/06/2020;28.08;81.01;1005.03;0.74;146.95;0.02;180.27;good
16/06/2020;27.79;81.81;1004.82;0.93;99.05;0;187.59;good
17/06/2020;28.07;75.34;998.04;0.67;101.91;0;183.23;suspect
18/06/2020;27.81;78.44;1005.23;0.6;182.43;0;147.63;suspect
19/06/2020;27.49;76.08;1005.72;0.98;147.48;0;142.99;good
20/06/2020;28.16;70.78;1004.2;0.93;185.28;0;186.69;suspect
21/06/2020;27.55;74.31;1003.34;0.92;193.4;0;161.97;suspect
22/06/2020;27.62;74.57;1003.93;0.94;139.11;0;147.29;suspect
23/06/2020;27.13;77.61;1004.72;0.79;134.05;0;147.59;suspect
24/06/2020;26.81;72.07;1004.96;0.6;144.65;0;155.23;suspect
25/06/2020;27.27;71.76;1004.08;0.58;124.49;0;183.58;suspect
26/06/2020;27.26;73.34;1004.75;0.59;127.95;0;184.58;suspect
27/06/2020;26.97;76.37;1005.76;0.76;111.12;0;179.31;suspect
28/06/2020;27.26;71.88;1005.52;0.76;116.93;0;178.85;good
29/06/2020;27.73;65.8;1004.52;1.07;172.32;0;177.69;suspect
30/06/2020;26.87;74.93;997.58;0.72;106.46;0;186.93;suspect
01/07/2020;27.61;72.15;997;0.73;137.23;0;176.52;suspect
02/07/2020;26.8;80.85;1005.04;0.84;161.16;0.83;127.58;suspect
03/07/2020;27.53;75.96;1005.14;0.67;149.43;0.01;160.08;suspect
04/07/2020;26.65;72.56;1005.23;1;121.79;0;147.31;good
05/07/2020;27.08;71.63;1004.52;1.41;136.06;0.09;205.75;suspect
06/07/2020;26.49;83.69;1004.65;0.82;134.23;2.16;165.27;suspect
07/07/2020;27.27;77.92;1004.57;0.73;158.47;0.49;178.24;suspect
08/07/2020;28.44;63.97;1003.28;1.53;178.39;64.09;184.98;suspect
09/07/2020;27.65;69.54;996.69;0.8;166.06;0.49;156.72;suspect
10/07/2020;27.22;79.43;1004.68;0.56;116.22;0;148.35;suspect
11/07/2020;28;73.55;1004.48;0.64;121.53;0;178.67;good
12/07/2020;27.91;75.32;1003.89;0.86;147.82;0;171.28;suspect
13/07/2020;27.43;78.79;1003.72;0.75;99.62;0;145.6;suspect
14/07/2020;27.43;81.28;1004.17;0.87;156.39;18.5;137.79;good
15/07/2020;26.88;84.37;1003.85;0.86;122.14;0.41;102.63;suspect
16/07/2020;26.9;83.67;1003.47;0.6;170.07;0;112.04;suspect
17/07/2020;27.46;76.96;996.87;0.79;109.44;0;208.02;suspect
18/07/2020;27.49;73.79;1003.74;0.59;128.67;0;197.23;suspect
19/07/2020;27.86;75.03;1003.44;0.7;119.54;0;187.71;good
20/07/2020;28.05;73.93;996.58;0.72;134.65;0;179.87;suspect
21/07/2020;27.98;79.28;1003.54;0.7;125.32;0;155.98;suspect
22/07/2020;27.75;75.01;1003.72;0.81;149.95;0;180.3;good
23/07/2020;27.84;58.92;996.8;1.78;191.8;0;177.89;suspect
24/07/2020;28.3;60.97;997.42;1.84;140.62;0;203.32;suspect
25/07/2020;26.85;60.62;1004.74;2.54;159.37;0;217.4;suspect
26/07/2020;26.5;64.55;1004.62;1.1;160.48;0;182.03;suspect
27/07/2020;27.55;59.2;1004.39;1.56;176.8;0;203.57;good
28/07/2020;28.05;57.86;1004.26;2.54;165.72;0;215.98;good
29/07/2020;27.2;57.31;997.57;2.64;173.66;0;218.14;suspect
30/07/2020;27.19;51.93;1005.09;2.4;171.55;0;218.4;suspect
31/07/2020;27.22;57.35;1005;1.5;187.05;0;185.92;suspect
01/08/2020;28.07;62.14;1004.15;1.42;134.21;0;225.97;suspect
02/08/2020;28;60.24;1004.02;1.34;187.72;0;215.07;suspect
03/08/2020;28.05;64.6;995.99;1.08;132.24;0;209.09;suspect
04/08/2020;27.79;68.47;1003.25;0.91;148.34;0;120;suspect
05/08/2020;28.13;65.05;996.95;0.91;152.03;0;182.86;suspect
06/08/2020;28.25;65.74;1003.86;0.91;162.05;0;200.88;suspect
07/08/2020;28.39;74.64;1004.02;1.1;147.7;0.38;184.5;good
08/08/2020;28.22;75.79;1003.96;0.84;99.88;0.01;171.53;suspect
09/08/2020;28.34;76.28;1004.88;0.86;96.92;0;194.48;suspect
10/08/2020;28.12;74.3;1005.43;0.88;115.74;0;184.07;suspect
11/08/2020;28.28;73.38;1006.37;0.98;170.73;0;175.92;suspect
12/08/2020;28.87;75.19;1005.8;1.07;119.8;0;140.66;suspect
13/08/2020;26.82;88.36;1004.97;0.57;132.46;8.59;97.25;suspect
14/08/2020;27.17;78.93;997.75;0.71;123.96;0.58;190.14;suspect
15/08/2020;27.45;77.83;998.47;0.72;106.68;0;195.86;suspect
16/08/2020;28.45;74.44;997.88;0.96;129.89;0;209.34;suspect
17/08/2020;28.64;68.61;1004.06;0.97;115.42;0;189.51;suspect
18/08/2020;28.39;75.86;1003.95;0.82;133.72;0;217.09;suspect
19/08/2020;27.85;71.1;1003.69;0.89;149.12;0;193.6;good
20/08/2020;28.28;65.49;1004.99;1.17;126.4;0;227.26;suspect
21/08/2020;27.6;66.93;999.45;1.79;126.48;0;247.75;suspect
22/08/2020;28.22;67.21;992.48;1.09;118.95;0;229.16;suspect
23/08/2020;29.14;64.42;1005.54;1.01;120.5;0;229.15;suspect
24/08/2020;27.84;64.12;1005.79;1.56;136.57;0;182.71;good
25/08/2020;29.57;54.94;1005.94;2.13;136.08;0;252.9;good
26/08/2020;29.18;55.71;1004.88;2.95;178.85;0;252.27;suspect
27/08/2020;28.1;62.45;1004.16;1.36;138.57;0;247.95;suspect
28/08/2020;28.89;59.28;996.9;1.91;129.31;0;240.32;suspect
29/08/2020;29.04;62.09;1003.12;1.27;162.58;0;179.46;suspect
30/08/2020;28.81;61.85;1003.11;1.74;141.26;0;183.84;good
31/08/2020;28.66;62.39;1003.68;1.27;134.99;0;213.42;suspect
01/09/2020;29.04;56.14;989.87;2.18;174.67;0;211.06;suspect
02/09/2020;29.17;60.03;997.39;2.28;165.18;0.06;193.92;suspect
03/09/2020;31.14;55.55;1005.42;2.66;111.67;0.6;482.77;suspect
04/09/2020;30.29;64.09;1003.79;1.53;97.41;0.99;296.61;suspect
05/09/2020;29.43;58.74;1003.35;2.17;164.15;0.01;235.56;good
06/09/2020;28.83;64.7;1003.91;1.1;123.36;0;226.86;suspect
07/09/2020;28.82;65.2;1004.98;0.91;124.43;0;234.16;suspect
08/09/2020;29.76;57.76;1005.41;1.78;154.82;0;236.35;good
09/09/2020;30.13;57.46;1003.27;1.36;144.62;0;236.24;suspect
10/09/2020;29.24;61.33;1002.95;1.21;157.37;0;169.67;suspect
11/09/2020;29.06;58.32;997.4;2.08;182.52;0;160.15;suspect
12/09/2020;29.45;53.51;1005.37;2.65;187.17;0;253.43;suspect
13/09/2020;29.39;56.23;1005.13;2.71;188.99;0;209.99;good
14/09/2020;28.99;60.56;1005.06;1.42;161.21;0;205.63;suspect
15/09/2020;28.27;51.69;998.22;2.36;162.62;0;239.54;suspect
16/09/2020;28.43;55.14;1005.33;1.42;194.29;0;236.7;suspect
17/09/2020;28.36;63.17;997.57;0.99;116.95;0;199.1;suspect
18/09/2020;29.25;63.15;1003.5;1.37;137.96;0;234.12;suspect
19/09/2020;30.09;59.75;996.7;1.67;125.11;0;238.1;suspect
20/09/2020;28.01;71.98;1004.76;1.27;125.82;0;186.81;suspect
21/09/2020;28.01;80.4;1005.12;0.84;141.35;9.62;203.77;suspect
22/09/2020;27.01;79.2;1005.03;1.04;135.48;10.92;188.05;good
23/09/2020;29.38;72.25;1004.87;0.67;115.53;0.11;249.43;suspect
24/09/2020;29.45;67.41;998.28;1.25;160.29;3.36;234.19;suspect
25/09/2020;29.06;63.51;997.55;1.25;142.15;0.11;255.13;suspect
26/09/2020;29.54;64.69;1004.83;1.06;170.68;0;235.53;suspect
27/09/2020;28.74;66.73;1005.53;1.23;163.45;0;175.35;suspect
28/09/2020;29.21;63.95;1004.73;1.38;144.65;0;213.06;suspect
29/09/2020;29;61.15;996.86;1.68;169.92;0;179.3;suspect
30/09/2020;29.94;64.63;1002.82;1.26;130.38;0;262.68;suspect
01/10/2020;29.69;63.23;1003.46;1.39;91.35;0;279.68;suspect
02/10/2020;29.97;65.83;1004.21;1.91;148.66;5.24;245.68;suspect
03/10/2020;28.14;72.67;1005.03;1.75;189.52;0.88;213.2;suspect
04/10/2020;28.56;59.97;1003.92;2.8;157.65;0.01;270.82;suspect
05/10/2020;28.19;60.38;997.17;2.86;184.21;0;253.76;suspect
06/10/2020;28;66.43;1003.44;1.71;193.36;0;266.29;suspect
07/10/2020;29.12;59.84;1002.73;1.47;156.87;0;221.57;suspect
08/10/2020;29.26;63.07;1002.73;1.2;156.34;0;275.55;suspect
09/10/2020;29.52;63.77;1003.23;0.97;168.49;0;232.14;suspect
10/10/2020;27.5;80.22;1003.07;0.54;138.41;7.91;146.77;suspect
11/10/2020;28.65;64.12;995.56;1.33;97.71;0.08;237.39;suspect
12/10/2020;29.59;62.98;1002.61;1.1;98.13;0;241.64;suspect
13/10/2020;29.2;66.15;1002.96;0.87;144.27;0;211.94;suspect
14/10/2020;30.44;57.48;1003.61;0.85;138.93;0;234.32;suspect
15/10/2020;29.81;62.55;1003.45;0.87;138.08;0;179.61;good
16/10/2020;29.03;67.25;1002.36;1.39;191.68;7.61;187.82;suspect
17/10/2020;29.37;68.2;1002.67;0.78;142.34;1.82;249.59;suspect
18/10/2020;28.98;70.3;1003.4;0.96;90.73;0.03;214.71;suspect
19/10/2020;26.68;80.69;1003.66;0.5;143.54;14.92;103.69;suspect
20/10/2020;29.08;75.14;1003.62;0.91;113.52;0.17;264.1;good
21/10/2020;26.74;87.26;996.92;0.53;110.34;9.91;188.62;suspect
22/10/2020;26.84;87.97;1004.11;0.5;141.18;8.2;188.12;suspect
23/10/2020;26.24;87.8;1004.22;0.61;73.11;38.16;201.5;suspect
24/10/2020;28.39;77.61;1004.76;0.61;88.88;0.43;267.76;suspect
25/10/2020;27.01;84.31;997.6;0.64;138.27;13.04;167.87;suspect
26/10/2020;26.65;85.3;997.27;0.57;173.37;14.44;155.95;suspect
27/10/2020;25.55;87.59;1004.88;0.44;141.88;0.2;101.72;suspect
28/10/2020;28.43;71.86;1004.95;0.45;136.12;0;210.6;suspect
29/10/2020;28.78;70.64;997.76;1;109.29;0.42;256.25;suspect
30/10/2020;25.56;87.45;1005.71;0.74;146.08;19.99;126.12;suspect
31/10/2020;26.42;86.23;998;0.66;127.85;88.29;196.21;suspect
01/11/2020;26.77;89.08;1004.45;0.48;143.48;6;206.13;suspect
02/11/2020;27.06;81.94;1005.49;0.63;115.91;0.06;209.67;suspect
03/11/2020;28.18;77.62;1005.89;0.74;156.75;0;237.96;good
04/11/2020;28.19;76.43;1005.66;0.39;94.73;0.36;144.28;suspect
05/11/2020;27.1;85.01;999.18;0.75;183.15;3.87;187.13;suspect
06/11/2020;28.12;72.64;992.27;0.83;113.48;0.05;225.56;suspect
07/11/2020;28.27;78.64;1004.91;0.53;140.41;0;173.87;suspect
08/11/2020;26.89;82.41;1005.53;0.43;171.83;0.45;147.87;suspect
09/11/2020;28.69;73.56;1004.54;0.47;129.17;0.4;219.19;suspect
10/11/2020;28.85;73.71;1004.45;0.49;158.14;0;185.33;good
11/11/2020;29.06;73.4;1004.46;0.65;145.67;0.23;206.27;good
12/11/2020;29.53;71.52;1004.26;1.34;124.84;0.01;302.46;good
13/11/2020;29.32;73.51;1003.41;0.57;100.18;0;225.85;suspect
14/11/2020;29.8;68.36;1003.73;0.75;140.75;0;218.43;good
15/11/2020;29.98;67.28;1004.12;0.93;95.07;0;285;good
16/11/2020;30.13;65.51;1003.56;1.36;155.44;0;279.98;suspect
17/11/2020;29.06;74.27;1002.44;0.79;157.44;1.59;186.23;suspect
18/11/2020;28.75;71.12;995.69;0.68;145.78;0.04;223.97;suspect
19/11/2020;29.34;73.89;1003.06;0.94;115.83;0.73;269.04;suspect
20/11/2020;29.23;73.83;1002.96;0.72;108.75;0.01;252.06;suspect
21/11/2020;28.44;78.82;1003.44;0.5;159.65;0;169.51;suspect
22/11/2020;26.76;82.67;1004.23;0.57;182.75;26.9;143.34;suspect
23/11/2020;27.23;83.81;1004.31;0.46;186.11;0.29;105.7;suspect
24/11/2020;25.97;89.88;1003.21;0.28;113.75;20.67;164.54;suspect
25/11/2020;25.96;89.22;1002.86;0.65;132.3;40.11;164.2;suspect
26/11/2020;27.25;81.73;996.29;0.42;164.58;5.44;211.36;suspect
27/11/2020;27.45;81.82;1003.89;0.53;155.83;13.35;228.82;suspect
28/11/2020;27.23;83.99;1003.59;0.66;177.66;44.35;224.97;suspect
29/11/2020;25.55;89.47;997.15;0.42;160.1;66.39;127.68;suspect
30/11/2020;26.49;86.97;1003.9;0.35;95.79;6.02;167.46;suspect
01/12/2020;27.13;87.73;1003.27;0.35;80.9;6.33;169.92;suspect
02/12/2020;27.66;83.59;1002.9;0.67;174.99;14.22;211.55;good
03/12/2020;27.78;77.79;1003.59;0.78;195.48;0.27;212.63;suspect
04/12/2020;27.93;83.5;1002.85;0.82;135.01;3.96;208.75;suspect
05/12/2020;26.74;83.27;1002.64;0.81;206.33;4.78;174.62;suspect
06/12/2020;24.48;97.3;1002.97;0.36;109.63;5.77;24.38;suspect
07/12/2020;25.95;87.99;1003.55;0.96;269.52;0.06;113.33;suspect
08/12/2020;28.13;69.07;1001.75;1.71;256.55;0;246.97;suspect
09/12/2020;26.56;86.21;1001.48;1.13;170.89;3.18;143.18;suspect
10/12/2020;27.1;80.07;995.98;1.17;162;0.03;187.67;suspect
11/12/2020;27.16;84.17;1003.42;0.48;170.96;0.35;115.59;suspect
12/12/2020;28.67;74.11;1002.45;1.12;196.18;0.03;213.05;suspect
13/12/2020;25.94;84.93;996.43;0.67;161.89;0.16;127.49;suspect
14/12/2020;25.97;85.98;996.98;0.55;116.1;5.63;154.63;suspect
15/12/2020;26.17;89.58;1004.52;0.41;124.69;27.82;163.55;suspect
16/12/2020;26.46;88.18;1003.29;0.55;204.13;3.78;198.82;suspect
17/12/2020;26.82;82.54;995.52;1.03;186.13;0.28;189.46;suspect
18/12/2020;25.59;89.76;1002.45;0.29;85.13;0.92;132.65;suspect
19/12/2020;26.82;82.13;996.11;0.44;92.38;0.01;210.53;suspect
20/12/2020;28.25;75.15;1003.15;0.69;153.87;0;275.05;suspect
21/12/2020;27.25;79.69;996.15;0.64;164.28;0;186.62;suspect
22/12/2020;27.39;84.43;1003.07;0.7;150.37;8.79;188.91;suspect
23/12/2020;27.28;84.67;1002.16;0.45;96.03;1.59;218.66;suspect
24/12/2020;26.7;85.88;1002.77;0.9;155.12;7.28;188.43;suspect
25/12/2020;26.83;85.03;1003.5;0.56;159.48;11.56;215.81;suspect
26/12/2020;26.06;89.08;996.98;0.38;141.45;14.49;161.44;suspect
27/12/2020;27.23;84.29;1003.2;0.6;148.35;18.97;203.87;suspect
28/12/2020;26.63;87.94;1002.87;0.6;127.99;138.2;188.62;suspect
29/12/2020;26.56;90.87;1002.78;0.39;138.86;3.3;127.57;suspect
30/12/2020;25.54;90.72;995.94;0.48;151.9;17.68;144.18;suspect
31/12/2020;26.21;89.68;1003.16;0.53;175.97;12.67;187.63;suspect
